"Target","Class","Type","Package","InstalledVersion","Advisory","Severity","FixedVersion","VendorStatus","AffectsCandidate","Disposition","Rationale"
"sha256:b05d7725d17df2da7b94f8b73afc0aa9d6bcc384a227b48a1d031640104c3b0f (debian 12.15)","os-pkgs","debian","zlib1g","1:1.2.13.dfsg-1","CVE-2023-45853","CRITICAL",,"will_not_fix","YES","NEEDS REVIEW","Critical or High finding is present in the shipped image and requires owner review; no automatic remediation was authorized."
"sha256:b05d7725d17df2da7b94f8b73afc0aa9d6bcc384a227b48a1d031640104c3b0f (debian 12.15)","os-pkgs","debian","libsqlite3-0","3.40.1-2+deb12u2","CVE-2025-7458","CRITICAL",,"affected","YES","NEEDS REVIEW","Critical or High finding is present in the shipped image and requires owner review; no automatic remediation was authorized."
"sha256:b05d7725d17df2da7b94f8b73afc0aa9d6bcc384a227b48a1d031640104c3b0f (debian 12.15)","os-pkgs","debian","perl-base","5.36.0-7+deb12u3","CVE-2026-13221","CRITICAL",,"affected","YES","NEEDS REVIEW","Critical or High finding is present in the shipped image and requires owner review; no automatic remediation was authorized."
"sha256:b05d7725d17df2da7b94f8b73afc0aa9d6bcc384a227b48a1d031640104c3b0f (debian 12.15)","os-pkgs","debian","perl-base","5.36.0-7+deb12u3","CVE-2026-42496","CRITICAL",,"fix_deferred","YES","NEEDS REVIEW","Critical or High finding is present in the shipped image and requires owner review; no automatic remediation was authorized."
"sha256:b05d7725d17df2da7b94f8b73afc0aa9d6bcc384a227b48a1d031640104c3b0f (debian 12.15)","os-pkgs","debian","perl-base","5.36.0-7+deb12u3","CVE-2026-57433","CRITICAL",,"affected","YES","NEEDS REVIEW","Critical or High finding is present in the shipped image and requires owner review; no automatic remediation was authorized."
"sha256:b05d7725d17df2da7b94f8b73afc0aa9d6bcc384a227b48a1d031640104c3b0f (debian 12.15)","os-pkgs","debian","perl-base","5.36.0-7+deb12u3","CVE-2026-8376","CRITICAL",,"affected","NO","NOT APPLICABLE","Advisory is specific to 32-bit builds; the release candidate is linux/amd64."
"Python","lang-pkgs","python-pkg","setuptools","70.3.0","CVE-2025-47273","HIGH","78.1.1","fixed","NO","NOT APPLICABLE","Trivy sourced this package from BuildKit third-party SBOM metadata; direct filesystem verification found no setuptools installation or importable module in the final image."
"sha256:b05d7725d17df2da7b94f8b73afc0aa9d6bcc384a227b48a1d031640104c3b0f (debian 12.15)","os-pkgs","debian","libncursesw6","6.4-4","CVE-2025-69720","HIGH",,"affected","YES","NEEDS REVIEW","Critical or High finding is present in the shipped image and requires owner review; no automatic remediation was authorized."
"sha256:b05d7725d17df2da7b94f8b73afc0aa9d6bcc384a227b48a1d031640104c3b0f (debian 12.15)","os-pkgs","debian","libtinfo6","6.4-4","CVE-2025-69720","HIGH",,"affected","YES","NEEDS REVIEW","Critical or High finding is present in the shipped image and requires owner review; no automatic remediation was authorized."
"sha256:b05d7725d17df2da7b94f8b73afc0aa9d6bcc384a227b48a1d031640104c3b0f (debian 12.15)","os-pkgs","debian","ncurses-base","6.4-4","CVE-2025-69720","HIGH",,"affected","YES","NEEDS REVIEW","Critical or High finding is present in the shipped image and requires owner review; no automatic remediation was authorized."
"sha256:b05d7725d17df2da7b94f8b73afc0aa9d6bcc384a227b48a1d031640104c3b0f (debian 12.15)","os-pkgs","debian","ncurses-bin","6.4-4","CVE-2025-69720","HIGH",,"affected","YES","NEEDS REVIEW","Critical or High finding is present in the shipped image and requires owner review; no automatic remediation was authorized."
"sha256:b05d7725d17df2da7b94f8b73afc0aa9d6bcc384a227b48a1d031640104c3b0f (debian 12.15)","os-pkgs","debian","libssl3","3.0.20-1~deb12u2","CVE-2026-14456","HIGH",,"affected","YES","NEEDS REVIEW","Critical or High finding is present in the shipped image and requires owner review; no automatic remediation was authorized."
"sha256:b05d7725d17df2da7b94f8b73afc0aa9d6bcc384a227b48a1d031640104c3b0f (debian 12.15)","os-pkgs","debian","openssl","3.0.20-1~deb12u2","CVE-2026-14456","HIGH",,"affected","YES","NEEDS REVIEW","Critical or High finding is present in the shipped image and requires owner review; no automatic remediation was authorized."
"sha256:b05d7725d17df2da7b94f8b73afc0aa9d6bcc384a227b48a1d031640104c3b0f (debian 12.15)","os-pkgs","debian","gzip","1.12-1","CVE-2026-41992","HIGH",,"fix_deferred","YES","NEEDS REVIEW","Critical or High finding is present in the shipped image and requires owner review; no automatic remediation was authorized."
"sha256:b05d7725d17df2da7b94f8b73afc0aa9d6bcc384a227b48a1d031640104c3b0f (debian 12.15)","os-pkgs","debian","perl-base","5.36.0-7+deb12u3","CVE-2026-42497","HIGH",,"fix_deferred","YES","NEEDS REVIEW","Critical or High finding is present in the shipped image and requires owner review; no automatic remediation was authorized."
"sha256:b05d7725d17df2da7b94f8b73afc0aa9d6bcc384a227b48a1d031640104c3b0f (debian 12.15)","os-pkgs","debian","perl-base","5.36.0-7+deb12u3","CVE-2026-48962","HIGH",,"affected","YES","NEEDS REVIEW","Critical or High finding is present in the shipped image and requires owner review; no automatic remediation was authorized."
"sha256:b05d7725d17df2da7b94f8b73afc0aa9d6bcc384a227b48a1d031640104c3b0f (debian 12.15)","os-pkgs","debian","bsdutils","1:2.38.1-5+deb12u3","CVE-2026-53615","HIGH",,"affected","YES","NEEDS REVIEW","Critical or High finding is present in the shipped image and requires owner review; no automatic remediation was authorized."
"sha256:b05d7725d17df2da7b94f8b73afc0aa9d6bcc384a227b48a1d031640104c3b0f (debian 12.15)","os-pkgs","debian","libblkid1","2.38.1-5+deb12u3","CVE-2026-53615","HIGH",,"affected","YES","NEEDS REVIEW","Critical or High finding is present in the shipped image and requires owner review; no automatic remediation was authorized."
"sha256:b05d7725d17df2da7b94f8b73afc0aa9d6bcc384a227b48a1d031640104c3b0f (debian 12.15)","os-pkgs","debian","libmount1","2.38.1-5+deb12u3","CVE-2026-53615","HIGH",,"affected","YES","NEEDS REVIEW","Critical or High finding is present in the shipped image and requires owner review; no automatic remediation was authorized."
"sha256:b05d7725d17df2da7b94f8b73afc0aa9d6bcc384a227b48a1d031640104c3b0f (debian 12.15)","os-pkgs","debian","libsmartcols1","2.38.1-5+deb12u3","CVE-2026-53615","HIGH",,"affected","YES","NEEDS REVIEW","Critical or High finding is present in the shipped image and requires owner review; no automatic remediation was authorized."
"sha256:b05d7725d17df2da7b94f8b73afc0aa9d6bcc384a227b48a1d031640104c3b0f (debian 12.15)","os-pkgs","debian","libuuid1","2.38.1-5+deb12u3","CVE-2026-53615","HIGH",,"affected","YES","NEEDS REVIEW","Critical or High finding is present in the shipped image and requires owner review; no automatic remediation was authorized."
"sha256:b05d7725d17df2da7b94f8b73afc0aa9d6bcc384a227b48a1d031640104c3b0f (debian 12.15)","os-pkgs","debian","mount","2.38.1-5+deb12u3","CVE-2026-53615","HIGH",,"affected","YES","NEEDS REVIEW","Critical or High finding is present in the shipped image and requires owner review; no automatic remediation was authorized."
"sha256:b05d7725d17df2da7b94f8b73afc0aa9d6bcc384a227b48a1d031640104c3b0f (debian 12.15)","os-pkgs","debian","util-linux","2.38.1-5+deb12u3","CVE-2026-53615","HIGH",,"affected","YES","NEEDS REVIEW","Critical or High finding is present in the shipped image and requires owner review; no automatic remediation was authorized."
"sha256:b05d7725d17df2da7b94f8b73afc0aa9d6bcc384a227b48a1d031640104c3b0f (debian 12.15)","os-pkgs","debian","util-linux-extra","2.38.1-5+deb12u3","CVE-2026-53615","HIGH",,"affected","YES","NEEDS REVIEW","Critical or High finding is present in the shipped image and requires owner review; no automatic remediation was authorized."
"sha256:b05d7725d17df2da7b94f8b73afc0aa9d6bcc384a227b48a1d031640104c3b0f (debian 12.15)","os-pkgs","debian","libacl1","2.3.1-3","CVE-2026-54369","HIGH",,"fix_deferred","YES","NEEDS REVIEW","Critical or High finding is present in the shipped image and requires owner review; no automatic remediation was authorized."
"sha256:b05d7725d17df2da7b94f8b73afc0aa9d6bcc384a227b48a1d031640104c3b0f (debian 12.15)","os-pkgs","debian","perl-base","5.36.0-7+deb12u3","CVE-2026-57432","HIGH",,"affected","YES","NEEDS REVIEW","Critical or High finding is present in the shipped image and requires owner review; no automatic remediation was authorized."
"sha256:b05d7725d17df2da7b94f8b73afc0aa9d6bcc384a227b48a1d031640104c3b0f (debian 12.15)","os-pkgs","debian","perl-base","5.36.0-7+deb12u3","CVE-2026-9538","HIGH",,"fix_deferred","YES","NEEDS REVIEW","Critical or High finding is present in the shipped image and requires owner review; no automatic remediation was authorized."
"Python","lang-pkgs","python-pkg","msgpack","1.1.2","GHSA-6v7p-g79w-8964","HIGH","1.2.1","fixed","YES","NEEDS REVIEW","Vendored msgpack is present only beneath pip, not importable as a top-level application module; the service does not invoke pip, but the High finding remains for owner review."
"sha256:b05d7725d17df2da7b94f8b73afc0aa9d6bcc384a227b48a1d031640104c3b0f (debian 12.15)","os-pkgs","debian","libncursesw6","6.4-4","CVE-2023-50495","MEDIUM",,"affected","YES","ACCEPT","Medium, Low, or Unknown severity residual finding retained for transparency; no release-gate escalation under the review policy."
"sha256:b05d7725d17df2da7b94f8b73afc0aa9d6bcc384a227b48a1d031640104c3b0f (debian 12.15)","os-pkgs","debian","libtinfo6","6.4-4","CVE-2023-50495","MEDIUM",,"affected","YES","ACCEPT","Medium, Low, or Unknown severity residual finding retained for transparency; no release-gate escalation under the review policy."
"sha256:b05d7725d17df2da7b94f8b73afc0aa9d6bcc384a227b48a1d031640104c3b0f (debian 12.15)","os-pkgs","debian","ncurses-base","6.4-4","CVE-2023-50495","MEDIUM",,"affected","YES","ACCEPT","Medium, Low, or Unknown severity residual finding retained for transparency; no release-gate escalation under the review policy."
"sha256:b05d7725d17df2da7b94f8b73afc0aa9d6bcc384a227b48a1d031640104c3b0f (debian 12.15)","os-pkgs","debian","ncurses-bin","6.4-4","CVE-2023-50495","MEDIUM",,"affected","YES","ACCEPT","Medium, Low, or Unknown severity residual finding retained for transparency; no release-gate escalation under the review policy."
"sha256:b05d7725d17df2da7b94f8b73afc0aa9d6bcc384a227b48a1d031640104c3b0f (debian 12.15)","os-pkgs","debian","libpam-modules","1.5.2-6+deb12u2","CVE-2024-10041","MEDIUM",,"will_not_fix","YES","ACCEPT","Medium, Low, or Unknown severity residual finding retained for transparency; no release-gate escalation under the review policy."
"sha256:b05d7725d17df2da7b94f8b73afc0aa9d6bcc384a227b48a1d031640104c3b0f (debian 12.15)","os-pkgs","debian","libpam-modules-bin","1.5.2-6+deb12u2","CVE-2024-10041","MEDIUM",,"will_not_fix","YES","ACCEPT","Medium, Low, or Unknown severity residual finding retained for transparency; no release-gate escalation under the review policy."
"sha256:b05d7725d17df2da7b94f8b73afc0aa9d6bcc384a227b48a1d031640104c3b0f (debian 12.15)","os-pkgs","debian","libpam-runtime","1.5.2-6+deb12u2","CVE-2024-10041","MEDIUM",,"will_not_fix","YES","ACCEPT","Medium, Low, or Unknown severity residual finding retained for transparency; no release-gate escalation under the review policy."
"sha256:b05d7725d17df2da7b94f8b73afc0aa9d6bcc384a227b48a1d031640104c3b0f (debian 12.15)","os-pkgs","debian","libpam0g","1.5.2-6+deb12u2","CVE-2024-10041","MEDIUM",,"will_not_fix","YES","ACCEPT","Medium, Low, or Unknown severity residual finding retained for transparency; no release-gate escalation under the review policy."
"sha256:b05d7725d17df2da7b94f8b73afc0aa9d6bcc384a227b48a1d031640104c3b0f (debian 12.15)","os-pkgs","debian","perl-base","5.36.0-7+deb12u3","CVE-2025-15649","MEDIUM",,"affected","YES","ACCEPT","Medium, Low, or Unknown severity residual finding retained for transparency; no release-gate escalation under the review policy."
"sha256:b05d7725d17df2da7b94f8b73afc0aa9d6bcc384a227b48a1d031640104c3b0f (debian 12.15)","os-pkgs","debian","gpgv","2.2.40-1.1+deb12u2","CVE-2025-30258","MEDIUM",,"affected","YES","ACCEPT","Medium, Low, or Unknown severity residual finding retained for transparency; no release-gate escalation under the review policy."
"sha256:b05d7725d17df2da7b94f8b73afc0aa9d6bcc384a227b48a1d031640104c3b0f (debian 12.15)","os-pkgs","debian","gpgv","2.2.40-1.1+deb12u2","CVE-2025-68972","MEDIUM",,"affected","YES","ACCEPT","Medium, Low, or Unknown severity residual finding retained for transparency; no release-gate escalation under the review policy."
"sha256:b05d7725d17df2da7b94f8b73afc0aa9d6bcc384a227b48a1d031640104c3b0f (debian 12.15)","os-pkgs","debian","libsqlite3-0","3.40.1-2+deb12u2","CVE-2025-7709","MEDIUM",,"affected","YES","ACCEPT","Medium, Low, or Unknown severity residual finding retained for transparency; no release-gate escalation under the review policy."
"Python","lang-pkgs","python-pkg","pip","25.0.1","CVE-2025-8869","MEDIUM","25.3","fixed","YES","ACCEPT","Base-layer pip is present outside the active /opt/venv environment; the service does not invoke it. Medium/Low tooling-path residual risk is retained."
"sha256:b05d7725d17df2da7b94f8b73afc0aa9d6bcc384a227b48a1d031640104c3b0f (debian 12.15)","os-pkgs","debian","libsqlite3-0","3.40.1-2+deb12u2","CVE-2026-11822","MEDIUM",,"fix_deferred","YES","ACCEPT","Medium, Low, or Unknown severity residual finding retained for transparency; no release-gate escalation under the review policy."
"sha256:b05d7725d17df2da7b94f8b73afc0aa9d6bcc384a227b48a1d031640104c3b0f (debian 12.15)","os-pkgs","debian","libsqlite3-0","3.40.1-2+deb12u2","CVE-2026-11824","MEDIUM",,"fix_deferred","YES","ACCEPT","Medium, Low, or Unknown severity residual finding retained for transparency; no release-gate escalation under the review policy."
"sha256:b05d7725d17df2da7b94f8b73afc0aa9d6bcc384a227b48a1d031640104c3b0f (debian 12.15)","os-pkgs","debian","perl-base","5.36.0-7+deb12u3","CVE-2026-12087","MEDIUM",,"affected","YES","ACCEPT","Medium, Low, or Unknown severity residual finding retained for transparency; no release-gate escalation under the review policy."
"sha256:b05d7725d17df2da7b94f8b73afc0aa9d6bcc384a227b48a1d031640104c3b0f (debian 12.15)","os-pkgs","debian","bsdutils","1:2.38.1-5+deb12u3","CVE-2026-13595","MEDIUM",,"affected","YES","ACCEPT","Medium, Low, or Unknown severity residual finding retained for transparency; no release-gate escalation under the review policy."
"sha256:b05d7725d17df2da7b94f8b73afc0aa9d6bcc384a227b48a1d031640104c3b0f (debian 12.15)","os-pkgs","debian","libblkid1","2.38.1-5+deb12u3","CVE-2026-13595","MEDIUM",,"affected","YES","ACCEPT","Medium, Low, or Unknown severity residual finding retained for transparency; no release-gate escalation under the review policy."
"sha256:b05d7725d17df2da7b94f8b73afc0aa9d6bcc384a227b48a1d031640104c3b0f (debian 12.15)","os-pkgs","debian","libmount1","2.38.1-5+deb12u3","CVE-2026-13595","MEDIUM",,"affected","YES","ACCEPT","Medium, Low, or Unknown severity residual finding retained for transparency; no release-gate escalation under the review policy."
"sha256:b05d7725d17df2da7b94f8b73afc0aa9d6bcc384a227b48a1d031640104c3b0f (debian 12.15)","os-pkgs","debian","libsmartcols1","2.38.1-5+deb12u3","CVE-2026-13595","MEDIUM",,"affected","YES","ACCEPT","Medium, Low, or Unknown severity residual finding retained for transparency; no release-gate escalation under the review policy."
"sha256:b05d7725d17df2da7b94f8b73afc0aa9d6bcc384a227b48a1d031640104c3b0f (debian 12.15)","os-pkgs","debian","libuuid1","2.38.1-5+deb12u3","CVE-2026-13595","MEDIUM",,"affected","YES","ACCEPT","Medium, Low, or Unknown severity residual finding retained for transparency; no release-gate escalation under the review policy."
"sha256:b05d7725d17df2da7b94f8b73afc0aa9d6bcc384a227b48a1d031640104c3b0f (debian 12.15)","os-pkgs","debian","mount","2.38.1-5+deb12u3","CVE-2026-13595","MEDIUM",,"affected","YES","ACCEPT","Medium, Low, or Unknown severity residual finding retained for transparency; no release-gate escalation under the review policy."
"sha256:b05d7725d17df2da7b94f8b73afc0aa9d6bcc384a227b48a1d031640104c3b0f (debian 12.15)","os-pkgs","debian","util-linux","2.38.1-5+deb12u3","CVE-2026-13595","MEDIUM",,"affected","YES","ACCEPT","Medium, Low, or Unknown severity residual finding retained for transparency; no release-gate escalation under the review policy."
"sha256:b05d7725d17df2da7b94f8b73afc0aa9d6bcc384a227b48a1d031640104c3b0f (debian 12.15)","os-pkgs","debian","util-linux-extra","2.38.1-5+deb12u3","CVE-2026-13595","MEDIUM",,"affected","YES","ACCEPT","Medium, Low, or Unknown severity residual finding retained for transparency; no release-gate escalation under the review policy."
"sha256:b05d7725d17df2da7b94f8b73afc0aa9d6bcc384a227b48a1d031640104c3b0f (debian 12.15)","os-pkgs","debian","libp11-kit0","0.24.1-2","CVE-2026-13757","MEDIUM",,"fix_deferred","YES","ACCEPT","Medium, Low, or Unknown severity residual finding retained for transparency; no release-gate escalation under the review policy."
"sha256:b05d7725d17df2da7b94f8b73afc0aa9d6bcc384a227b48a1d031640104c3b0f (debian 12.15)","os-pkgs","debian","libsystemd0","252.39-1~deb12u2","CVE-2026-15059","MEDIUM",,"affected","YES","ACCEPT","Medium, Low, or Unknown severity residual finding retained for transparency; no release-gate escalation under the review policy."
"sha256:b05d7725d17df2da7b94f8b73afc0aa9d6bcc384a227b48a1d031640104c3b0f (debian 12.15)","os-pkgs","debian","libudev1","252.39-1~deb12u2","CVE-2026-15059","MEDIUM",,"affected","YES","ACCEPT","Medium, Low, or Unknown severity residual finding retained for transparency; no release-gate escalation under the review policy."
"sha256:b05d7725d17df2da7b94f8b73afc0aa9d6bcc384a227b48a1d031640104c3b0f (debian 12.15)","os-pkgs","debian","libsystemd0","252.39-1~deb12u2","CVE-2026-16742","MEDIUM",,"affected","YES","ACCEPT","Medium, Low, or Unknown severity residual finding retained for transparency; no release-gate escalation under the review policy."
"sha256:b05d7725d17df2da7b94f8b73afc0aa9d6bcc384a227b48a1d031640104c3b0f (debian 12.15)","os-pkgs","debian","libudev1","252.39-1~deb12u2","CVE-2026-16742","MEDIUM",,"affected","YES","ACCEPT","Medium, Low, or Unknown severity residual finding retained for transparency; no release-gate escalation under the review policy."
"sha256:b05d7725d17df2da7b94f8b73afc0aa9d6bcc384a227b48a1d031640104c3b0f (debian 12.15)","os-pkgs","debian","tar","1.34+dfsg-1.2+deb12u1","CVE-2026-18477","MEDIUM",,"affected","YES","ACCEPT","Medium, Low, or Unknown severity residual finding retained for transparency; no release-gate escalation under the review policy."
"sha256:b05d7725d17df2da7b94f8b73afc0aa9d6bcc384a227b48a1d031640104c3b0f (debian 12.15)","os-pkgs","debian","tar","1.34+dfsg-1.2+deb12u1","CVE-2026-18508","MEDIUM",,"affected","YES","ACCEPT","Medium, Low, or Unknown severity residual finding retained for transparency; no release-gate escalation under the review policy."
"sha256:b05d7725d17df2da7b94f8b73afc0aa9d6bcc384a227b48a1d031640104c3b0f (debian 12.15)","os-pkgs","debian","libp11-kit0","0.24.1-2","CVE-2026-18938","MEDIUM",,"affected","YES","ACCEPT","Medium, Low, or Unknown severity residual finding retained for transparency; no release-gate escalation under the review policy."
"sha256:b05d7725d17df2da7b94f8b73afc0aa9d6bcc384a227b48a1d031640104c3b0f (debian 12.15)","os-pkgs","debian","zlib1g","1:1.2.13.dfsg-1","CVE-2026-27171","MEDIUM",,"affected","YES","ACCEPT","Medium, Low, or Unknown severity residual finding retained for transparency; no release-gate escalation under the review policy."
"sha256:b05d7725d17df2da7b94f8b73afc0aa9d6bcc384a227b48a1d031640104c3b0f (debian 12.15)","os-pkgs","debian","bsdutils","1:2.38.1-5+deb12u3","CVE-2026-27456","MEDIUM",,"affected","YES","ACCEPT","Medium, Low, or Unknown severity residual finding retained for transparency; no release-gate escalation under the review policy."
"sha256:b05d7725d17df2da7b94f8b73afc0aa9d6bcc384a227b48a1d031640104c3b0f (debian 12.15)","os-pkgs","debian","libblkid1","2.38.1-5+deb12u3","CVE-2026-27456","MEDIUM",,"affected","YES","ACCEPT","Medium, Low, or Unknown severity residual finding retained for transparency; no release-gate escalation under the review policy."
"sha256:b05d7725d17df2da7b94f8b73afc0aa9d6bcc384a227b48a1d031640104c3b0f (debian 12.15)","os-pkgs","debian","libmount1","2.38.1-5+deb12u3","CVE-2026-27456","MEDIUM",,"affected","YES","ACCEPT","Medium, Low, or Unknown severity residual finding retained for transparency; no release-gate escalation under the review policy."
"sha256:b05d7725d17df2da7b94f8b73afc0aa9d6bcc384a227b48a1d031640104c3b0f (debian 12.15)","os-pkgs","debian","libsmartcols1","2.38.1-5+deb12u3","CVE-2026-27456","MEDIUM",,"affected","YES","ACCEPT","Medium, Low, or Unknown severity residual finding retained for transparency; no release-gate escalation under the review policy."
"sha256:b05d7725d17df2da7b94f8b73afc0aa9d6bcc384a227b48a1d031640104c3b0f (debian 12.15)","os-pkgs","debian","libuuid1","2.38.1-5+deb12u3","CVE-2026-27456","MEDIUM",,"affected","YES","ACCEPT","Medium, Low, or Unknown severity residual finding retained for transparency; no release-gate escalation under the review policy."
"sha256:b05d7725d17df2da7b94f8b73afc0aa9d6bcc384a227b48a1d031640104c3b0f (debian 12.15)","os-pkgs","debian","mount","2.38.1-5+deb12u3","CVE-2026-27456","MEDIUM",,"affected","YES","ACCEPT","Medium, Low, or Unknown severity residual finding retained for transparency; no release-gate escalation under the review policy."
"sha256:b05d7725d17df2da7b94f8b73afc0aa9d6bcc384a227b48a1d031640104c3b0f (debian 12.15)","os-pkgs","debian","util-linux","2.38.1-5+deb12u3","CVE-2026-27456","MEDIUM",,"affected","YES","ACCEPT","Medium, Low, or Unknown severity residual finding retained for transparency; no release-gate escalation under the review policy."
"sha256:b05d7725d17df2da7b94f8b73afc0aa9d6bcc384a227b48a1d031640104c3b0f (debian 12.15)","os-pkgs","debian","util-linux-extra","2.38.1-5+deb12u3","CVE-2026-27456","MEDIUM",,"affected","YES","ACCEPT","Medium, Low, or Unknown severity residual finding retained for transparency; no release-gate escalation under the review policy."
"sha256:b05d7725d17df2da7b94f8b73afc0aa9d6bcc384a227b48a1d031640104c3b0f (debian 12.15)","os-pkgs","debian","bsdutils","1:2.38.1-5+deb12u3","CVE-2026-3184","MEDIUM",,"will_not_fix","YES","ACCEPT","Medium, Low, or Unknown severity residual finding retained for transparency; no release-gate escalation under the review policy."
"sha256:b05d7725d17df2da7b94f8b73afc0aa9d6bcc384a227b48a1d031640104c3b0f (debian 12.15)","os-pkgs","debian","libblkid1","2.38.1-5+deb12u3","CVE-2026-3184","MEDIUM",,"will_not_fix","YES","ACCEPT","Medium, Low, or Unknown severity residual finding retained for transparency; no release-gate escalation under the review policy."
"sha256:b05d7725d17df2da7b94f8b73afc0aa9d6bcc384a227b48a1d031640104c3b0f (debian 12.15)","os-pkgs","debian","libmount1","2.38.1-5+deb12u3","CVE-2026-3184","MEDIUM",,"will_not_fix","YES","ACCEPT","Medium, Low, or Unknown severity residual finding retained for transparency; no release-gate escalation under the review policy."
"sha256:b05d7725d17df2da7b94f8b73afc0aa9d6bcc384a227b48a1d031640104c3b0f (debian 12.15)","os-pkgs","debian","libsmartcols1","2.38.1-5+deb12u3","CVE-2026-3184","MEDIUM",,"will_not_fix","YES","ACCEPT","Medium, Low, or Unknown severity residual finding retained for transparency; no release-gate escalation under the review policy."
"sha256:b05d7725d17df2da7b94f8b73afc0aa9d6bcc384a227b48a1d031640104c3b0f (debian 12.15)","os-pkgs","debian","libuuid1","2.38.1-5+deb12u3","CVE-2026-3184","MEDIUM",,"will_not_fix","YES","ACCEPT","Medium, Low, or Unknown severity residual finding retained for transparency; no release-gate escalation under the review policy."
"sha256:b05d7725d17df2da7b94f8b73afc0aa9d6bcc384a227b48a1d031640104c3b0f (debian 12.15)","os-pkgs","debian","mount","2.38.1-5+deb12u3","CVE-2026-3184","MEDIUM",,"will_not_fix","YES","ACCEPT","Medium, Low, or Unknown severity residual finding retained for transparency; no release-gate escalation under the review policy."
"sha256:b05d7725d17df2da7b94f8b73afc0aa9d6bcc384a227b48a1d031640104c3b0f (debian 12.15)","os-pkgs","debian","util-linux","2.38.1-5+deb12u3","CVE-2026-3184","MEDIUM",,"will_not_fix","YES","ACCEPT","Medium, Low, or Unknown severity residual finding retained for transparency; no release-gate escalation under the review policy."
"sha256:b05d7725d17df2da7b94f8b73afc0aa9d6bcc384a227b48a1d031640104c3b0f (debian 12.15)","os-pkgs","debian","util-linux-extra","2.38.1-5+deb12u3","CVE-2026-3184","MEDIUM",,"will_not_fix","YES","ACCEPT","Medium, Low, or Unknown severity residual finding retained for transparency; no release-gate escalation under the review policy."
"Python","lang-pkgs","python-pkg","pip","25.0.1","CVE-2026-3219","MEDIUM","26.1","fixed","YES","ACCEPT","Base-layer pip is present outside the active /opt/venv environment; the service does not invoke it. Medium/Low tooling-path residual risk is retained."
"sha256:b05d7725d17df2da7b94f8b73afc0aa9d6bcc384a227b48a1d031640104c3b0f (debian 12.15)","os-pkgs","debian","gzip","1.12-1","CVE-2026-41991","MEDIUM",,"fix_deferred","YES","ACCEPT","Medium, Low, or Unknown severity residual finding retained for transparency; no release-gate escalation under the review policy."
"sha256:b05d7725d17df2da7b94f8b73afc0aa9d6bcc384a227b48a1d031640104c3b0f (debian 12.15)","os-pkgs","debian","libbz2-1.0","1.0.8-5+b1","CVE-2026-42250","MEDIUM",,"affected","YES","ACCEPT","Medium, Low, or Unknown severity residual finding retained for transparency; no release-gate escalation under the review policy."
"sha256:b05d7725d17df2da7b94f8b73afc0aa9d6bcc384a227b48a1d031640104c3b0f (debian 12.15)","os-pkgs","debian","perl-base","5.36.0-7+deb12u3","CVE-2026-48959","MEDIUM",,"affected","YES","ACCEPT","Medium, Low, or Unknown severity residual finding retained for transparency; no release-gate escalation under the review policy."
"sha256:b05d7725d17df2da7b94f8b73afc0aa9d6bcc384a227b48a1d031640104c3b0f (debian 12.15)","os-pkgs","debian","perl-base","5.36.0-7+deb12u3","CVE-2026-48961","MEDIUM",,"affected","YES","ACCEPT","Medium, Low, or Unknown severity residual finding retained for transparency; no release-gate escalation under the review policy."
"sha256:b05d7725d17df2da7b94f8b73afc0aa9d6bcc384a227b48a1d031640104c3b0f (debian 12.15)","os-pkgs","debian","libsqlite3-0","3.40.1-2+deb12u2","CVE-2026-50812","MEDIUM",,"fix_deferred","YES","ACCEPT","Medium, Low, or Unknown severity residual finding retained for transparency; no release-gate escalation under the review policy."
"sha256:b05d7725d17df2da7b94f8b73afc0aa9d6bcc384a227b48a1d031640104c3b0f (debian 12.15)","os-pkgs","debian","libsqlite3-0","3.40.1-2+deb12u2","CVE-2026-50813","MEDIUM",,"fix_deferred","YES","ACCEPT","Medium, Low, or Unknown severity residual finding retained for transparency; no release-gate escalation under the review policy."
"sha256:b05d7725d17df2da7b94f8b73afc0aa9d6bcc384a227b48a1d031640104c3b0f (debian 12.15)","os-pkgs","debian","libc-bin","2.36-9+deb12u14","CVE-2026-5435","MEDIUM",,"affected","YES","ACCEPT","Medium, Low, or Unknown severity residual finding retained for transparency; no release-gate escalation under the review policy."
"sha256:b05d7725d17df2da7b94f8b73afc0aa9d6bcc384a227b48a1d031640104c3b0f (debian 12.15)","os-pkgs","debian","libc6","2.36-9+deb12u14","CVE-2026-5435","MEDIUM",,"affected","YES","ACCEPT","Medium, Low, or Unknown severity residual finding retained for transparency; no release-gate escalation under the review policy."
"sha256:b05d7725d17df2da7b94f8b73afc0aa9d6bcc384a227b48a1d031640104c3b0f (debian 12.15)","os-pkgs","debian","libacl1","2.3.1-3","CVE-2026-54370","MEDIUM",,"fix_deferred","YES","ACCEPT","Medium, Low, or Unknown severity residual finding retained for transparency; no release-gate escalation under the review policy."
"sha256:b05d7725d17df2da7b94f8b73afc0aa9d6bcc384a227b48a1d031640104c3b0f (debian 12.15)","os-pkgs","debian","libattr1","1:2.5.1-4","CVE-2026-54371","MEDIUM",,"fix_deferred","YES","ACCEPT","Medium, Low, or Unknown severity residual finding retained for transparency; no release-gate escalation under the review policy."
"sha256:b05d7725d17df2da7b94f8b73afc0aa9d6bcc384a227b48a1d031640104c3b0f (debian 12.15)","os-pkgs","debian","libpam-modules","1.5.2-6+deb12u2","CVE-2026-54411","MEDIUM",,"fix_deferred","YES","ACCEPT","Medium, Low, or Unknown severity residual finding retained for transparency; no release-gate escalation under the review policy."
"sha256:b05d7725d17df2da7b94f8b73afc0aa9d6bcc384a227b48a1d031640104c3b0f (debian 12.15)","os-pkgs","debian","libpam-modules-bin","1.5.2-6+deb12u2","CVE-2026-54411","MEDIUM",,"fix_deferred","YES","ACCEPT","Medium, Low, or Unknown severity residual finding retained for transparency; no release-gate escalation under the review policy."
"sha256:b05d7725d17df2da7b94f8b73afc0aa9d6bcc384a227b48a1d031640104c3b0f (debian 12.15)","os-pkgs","debian","libpam-runtime","1.5.2-6+deb12u2","CVE-2026-54411","MEDIUM",,"fix_deferred","YES","ACCEPT","Medium, Low, or Unknown severity residual finding retained for transparency; no release-gate escalation under the review policy."
"sha256:b05d7725d17df2da7b94f8b73afc0aa9d6bcc384a227b48a1d031640104c3b0f (debian 12.15)","os-pkgs","debian","libpam0g","1.5.2-6+deb12u2","CVE-2026-54411","MEDIUM",,"fix_deferred","YES","ACCEPT","Medium, Low, or Unknown severity residual finding retained for transparency; no release-gate escalation under the review policy."
"sha256:b05d7725d17df2da7b94f8b73afc0aa9d6bcc384a227b48a1d031640104c3b0f (debian 12.15)","os-pkgs","debian","libc-bin","2.36-9+deb12u14","CVE-2026-5450","MEDIUM",,"affected","YES","ACCEPT","Medium, Low, or Unknown severity residual finding retained for transparency; no release-gate escalation under the review policy."
"sha256:b05d7725d17df2da7b94f8b73afc0aa9d6bcc384a227b48a1d031640104c3b0f (debian 12.15)","os-pkgs","debian","libc6","2.36-9+deb12u14","CVE-2026-5450","MEDIUM",,"affected","YES","ACCEPT","Medium, Low, or Unknown severity residual finding retained for transparency; no release-gate escalation under the review policy."
"sha256:b05d7725d17df2da7b94f8b73afc0aa9d6bcc384a227b48a1d031640104c3b0f (debian 12.15)","os-pkgs","debian","tar","1.34+dfsg-1.2+deb12u1","CVE-2026-5704","MEDIUM",,"affected","YES","ACCEPT","Medium, Low, or Unknown severity residual finding retained for transparency; no release-gate escalation under the review policy."
"sha256:b05d7725d17df2da7b94f8b73afc0aa9d6bcc384a227b48a1d031640104c3b0f (debian 12.15)","os-pkgs","debian","libc-bin","2.36-9+deb12u14","CVE-2026-5928","MEDIUM",,"affected","YES","ACCEPT","Medium, Low, or Unknown severity residual finding retained for transparency; no release-gate escalation under the review policy."
"sha256:b05d7725d17df2da7b94f8b73afc0aa9d6bcc384a227b48a1d031640104c3b0f (debian 12.15)","os-pkgs","debian","libc6","2.36-9+deb12u14","CVE-2026-5928","MEDIUM",,"affected","YES","ACCEPT","Medium, Low, or Unknown severity residual finding retained for transparency; no release-gate escalation under the review policy."
"Python","lang-pkgs","python-pkg","setuptools","70.3.0","CVE-2026-59890","MEDIUM","83.0.0","fixed","YES","ACCEPT","Medium, Low, or Unknown severity residual finding retained for transparency; no release-gate escalation under the review policy."
"sha256:b05d7725d17df2da7b94f8b73afc0aa9d6bcc384a227b48a1d031640104c3b0f (debian 12.15)","os-pkgs","debian","libc-bin","2.36-9+deb12u14","CVE-2026-6238","MEDIUM",,"affected","YES","ACCEPT","Medium, Low, or Unknown severity residual finding retained for transparency; no release-gate escalation under the review policy."
"sha256:b05d7725d17df2da7b94f8b73afc0aa9d6bcc384a227b48a1d031640104c3b0f (debian 12.15)","os-pkgs","debian","libc6","2.36-9+deb12u14","CVE-2026-6238","MEDIUM",,"affected","YES","ACCEPT","Medium, Low, or Unknown severity residual finding retained for transparency; no release-gate escalation under the review policy."
"Python","lang-pkgs","python-pkg","pip","25.0.1","CVE-2026-6357","MEDIUM","26.1","fixed","YES","ACCEPT","Base-layer pip is present outside the active /opt/venv environment; the service does not invoke it. Medium/Low tooling-path residual risk is retained."
"sha256:b05d7725d17df2da7b94f8b73afc0aa9d6bcc384a227b48a1d031640104c3b0f (debian 12.15)","os-pkgs","debian","libc-bin","2.36-9+deb12u14","CVE-2026-6368","MEDIUM",,"affected","YES","ACCEPT","Medium, Low, or Unknown severity residual finding retained for transparency; no release-gate escalation under the review policy."
"sha256:b05d7725d17df2da7b94f8b73afc0aa9d6bcc384a227b48a1d031640104c3b0f (debian 12.15)","os-pkgs","debian","libc6","2.36-9+deb12u14","CVE-2026-6368","MEDIUM",,"affected","YES","ACCEPT","Medium, Low, or Unknown severity residual finding retained for transparency; no release-gate escalation under the review policy."
"sha256:b05d7725d17df2da7b94f8b73afc0aa9d6bcc384a227b48a1d031640104c3b0f (debian 12.15)","os-pkgs","debian","libc-bin","2.36-9+deb12u14","CVE-2026-6791","MEDIUM",,"affected","YES","ACCEPT","Medium, Low, or Unknown severity residual finding retained for transparency; no release-gate escalation under the review policy."
"sha256:b05d7725d17df2da7b94f8b73afc0aa9d6bcc384a227b48a1d031640104c3b0f (debian 12.15)","os-pkgs","debian","libc6","2.36-9+deb12u14","CVE-2026-6791","MEDIUM",,"affected","YES","ACCEPT","Medium, Low, or Unknown severity residual finding retained for transparency; no release-gate escalation under the review policy."
"sha256:b05d7725d17df2da7b94f8b73afc0aa9d6bcc384a227b48a1d031640104c3b0f (debian 12.15)","os-pkgs","debian","perl-base","5.36.0-7+deb12u3","CVE-2026-7010","MEDIUM",,"affected","YES","ACCEPT","Medium, Low, or Unknown severity residual finding retained for transparency; no release-gate escalation under the review policy."
"Python","lang-pkgs","python-pkg","pip","25.0.1","CVE-2026-8643","MEDIUM","26.1.2","fixed","YES","ACCEPT","Base-layer pip is present outside the active /opt/venv environment; the service does not invoke it. Medium/Low tooling-path residual risk is retained."
"sha256:b05d7725d17df2da7b94f8b73afc0aa9d6bcc384a227b48a1d031640104c3b0f (debian 12.15)","os-pkgs","debian","tar","1.34+dfsg-1.2+deb12u1","CVE-2005-2541","LOW",,"affected","YES","ACCEPT","Medium, Low, or Unknown severity residual finding retained for transparency; no release-gate escalation under the review policy."
"sha256:b05d7725d17df2da7b94f8b73afc0aa9d6bcc384a227b48a1d031640104c3b0f (debian 12.15)","os-pkgs","debian","login","1:4.13+dfsg1-1+deb12u2","CVE-2007-5686","LOW",,"affected","YES","ACCEPT","Medium, Low, or Unknown severity residual finding retained for transparency; no release-gate escalation under the review policy."
"sha256:b05d7725d17df2da7b94f8b73afc0aa9d6bcc384a227b48a1d031640104c3b0f (debian 12.15)","os-pkgs","debian","passwd","1:4.13+dfsg1-1+deb12u2","CVE-2007-5686","LOW",,"affected","YES","ACCEPT","Medium, Low, or Unknown severity residual finding retained for transparency; no release-gate escalation under the review policy."
"sha256:b05d7725d17df2da7b94f8b73afc0aa9d6bcc384a227b48a1d031640104c3b0f (debian 12.15)","os-pkgs","debian","libc-bin","2.36-9+deb12u14","CVE-2010-4756","LOW",,"affected","YES","ACCEPT","Medium, Low, or Unknown severity residual finding retained for transparency; no release-gate escalation under the review policy."
"sha256:b05d7725d17df2da7b94f8b73afc0aa9d6bcc384a227b48a1d031640104c3b0f (debian 12.15)","os-pkgs","debian","libc6","2.36-9+deb12u14","CVE-2010-4756","LOW",,"affected","YES","ACCEPT","Medium, Low, or Unknown severity residual finding retained for transparency; no release-gate escalation under the review policy."
"sha256:b05d7725d17df2da7b94f8b73afc0aa9d6bcc384a227b48a1d031640104c3b0f (debian 12.15)","os-pkgs","debian","apt","2.6.1","CVE-2011-3374","LOW",,"affected","YES","ACCEPT","Medium, Low, or Unknown severity residual finding retained for transparency; no release-gate escalation under the review policy."
"sha256:b05d7725d17df2da7b94f8b73afc0aa9d6bcc384a227b48a1d031640104c3b0f (debian 12.15)","os-pkgs","debian","libapt-pkg6.0","2.6.1","CVE-2011-3374","LOW",,"affected","YES","ACCEPT","Medium, Low, or Unknown severity residual finding retained for transparency; no release-gate escalation under the review policy."
"sha256:b05d7725d17df2da7b94f8b73afc0aa9d6bcc384a227b48a1d031640104c3b0f (debian 12.15)","os-pkgs","debian","libgnutls30","3.7.9-2+deb12u7","CVE-2011-3389","LOW",,"affected","YES","ACCEPT","Medium, Low, or Unknown severity residual finding retained for transparency; no release-gate escalation under the review policy."
"sha256:b05d7725d17df2da7b94f8b73afc0aa9d6bcc384a227b48a1d031640104c3b0f (debian 12.15)","os-pkgs","debian","perl-base","5.36.0-7+deb12u3","CVE-2011-4116","LOW",,"affected","YES","ACCEPT","Medium, Low, or Unknown severity residual finding retained for transparency; no release-gate escalation under the review policy."
"sha256:b05d7725d17df2da7b94f8b73afc0aa9d6bcc384a227b48a1d031640104c3b0f (debian 12.15)","os-pkgs","debian","libsystemd0","252.39-1~deb12u2","CVE-2013-4392","LOW",,"affected","YES","ACCEPT","Medium, Low, or Unknown severity residual finding retained for transparency; no release-gate escalation under the review policy."
"sha256:b05d7725d17df2da7b94f8b73afc0aa9d6bcc384a227b48a1d031640104c3b0f (debian 12.15)","os-pkgs","debian","libudev1","252.39-1~deb12u2","CVE-2013-4392","LOW",,"affected","YES","ACCEPT","Medium, Low, or Unknown severity residual finding retained for transparency; no release-gate escalation under the review policy."
"sha256:b05d7725d17df2da7b94f8b73afc0aa9d6bcc384a227b48a1d031640104c3b0f (debian 12.15)","os-pkgs","debian","coreutils","9.1-1","CVE-2016-2781","LOW",,"will_not_fix","YES","ACCEPT","Medium, Low, or Unknown severity residual finding retained for transparency; no release-gate escalation under the review policy."
"sha256:b05d7725d17df2da7b94f8b73afc0aa9d6bcc384a227b48a1d031640104c3b0f (debian 12.15)","os-pkgs","debian","coreutils","9.1-1","CVE-2017-18018","LOW",,"affected","YES","ACCEPT","Medium, Low, or Unknown severity residual finding retained for transparency; no release-gate escalation under the review policy."
"sha256:b05d7725d17df2da7b94f8b73afc0aa9d6bcc384a227b48a1d031640104c3b0f (debian 12.15)","os-pkgs","debian","libc-bin","2.36-9+deb12u14","CVE-2018-20796","LOW",,"affected","YES","ACCEPT","Medium, Low, or Unknown severity residual finding retained for transparency; no release-gate escalation under the review policy."
"sha256:b05d7725d17df2da7b94f8b73afc0aa9d6bcc384a227b48a1d031640104c3b0f (debian 12.15)","os-pkgs","debian","libc6","2.36-9+deb12u14","CVE-2018-20796","LOW",,"affected","YES","ACCEPT","Medium, Low, or Unknown severity residual finding retained for transparency; no release-gate escalation under the review policy."
"sha256:b05d7725d17df2da7b94f8b73afc0aa9d6bcc384a227b48a1d031640104c3b0f (debian 12.15)","os-pkgs","debian","libgssapi-krb5-2","1.20.1-2+deb12u5","CVE-2018-5709","LOW",,"affected","YES","ACCEPT","Medium, Low, or Unknown severity residual finding retained for transparency; no release-gate escalation under the review policy."
"sha256:b05d7725d17df2da7b94f8b73afc0aa9d6bcc384a227b48a1d031640104c3b0f (debian 12.15)","os-pkgs","debian","libk5crypto3","1.20.1-2+deb12u5","CVE-2018-5709","LOW",,"affected","YES","ACCEPT","Medium, Low, or Unknown severity residual finding retained for transparency; no release-gate escalation under the review policy."
"sha256:b05d7725d17df2da7b94f8b73afc0aa9d6bcc384a227b48a1d031640104c3b0f (debian 12.15)","os-pkgs","debian","libkrb5-3","1.20.1-2+deb12u5","CVE-2018-5709","LOW",,"affected","YES","ACCEPT","Medium, Low, or Unknown severity residual finding retained for transparency; no release-gate escalation under the review policy."
"sha256:b05d7725d17df2da7b94f8b73afc0aa9d6bcc384a227b48a1d031640104c3b0f (debian 12.15)","os-pkgs","debian","libkrb5support0","1.20.1-2+deb12u5","CVE-2018-5709","LOW",,"affected","YES","ACCEPT","Medium, Low, or Unknown severity residual finding retained for transparency; no release-gate escalation under the review policy."
"sha256:b05d7725d17df2da7b94f8b73afc0aa9d6bcc384a227b48a1d031640104c3b0f (debian 12.15)","os-pkgs","debian","libgcrypt20","1.10.1-3+deb12u1","CVE-2018-6829","LOW",,"affected","YES","ACCEPT","Medium, Low, or Unknown severity residual finding retained for transparency; no release-gate escalation under the review policy."
"sha256:b05d7725d17df2da7b94f8b73afc0aa9d6bcc384a227b48a1d031640104c3b0f (debian 12.15)","os-pkgs","debian","libc-bin","2.36-9+deb12u14","CVE-2019-1010022","LOW",,"affected","YES","ACCEPT","Medium, Low, or Unknown severity residual finding retained for transparency; no release-gate escalation under the review policy."
"sha256:b05d7725d17df2da7b94f8b73afc0aa9d6bcc384a227b48a1d031640104c3b0f (debian 12.15)","os-pkgs","debian","libc6","2.36-9+deb12u14","CVE-2019-1010022","LOW",,"affected","YES","ACCEPT","Medium, Low, or Unknown severity residual finding retained for transparency; no release-gate escalation under the review policy."
"sha256:b05d7725d17df2da7b94f8b73afc0aa9d6bcc384a227b48a1d031640104c3b0f (debian 12.15)","os-pkgs","debian","libc-bin","2.36-9+deb12u14","CVE-2019-1010023","LOW",,"affected","YES","ACCEPT","Medium, Low, or Unknown severity residual finding retained for transparency; no release-gate escalation under the review policy."
"sha256:b05d7725d17df2da7b94f8b73afc0aa9d6bcc384a227b48a1d031640104c3b0f (debian 12.15)","os-pkgs","debian","libc6","2.36-9+deb12u14","CVE-2019-1010023","LOW",,"affected","YES","ACCEPT","Medium, Low, or Unknown severity residual finding retained for transparency; no release-gate escalation under the review policy."
"sha256:b05d7725d17df2da7b94f8b73afc0aa9d6bcc384a227b48a1d031640104c3b0f (debian 12.15)","os-pkgs","debian","libc-bin","2.36-9+deb12u14","CVE-2019-1010024","LOW",,"affected","YES","ACCEPT","Medium, Low, or Unknown severity residual finding retained for transparency; no release-gate escalation under the review policy."
"sha256:b05d7725d17df2da7b94f8b73afc0aa9d6bcc384a227b48a1d031640104c3b0f (debian 12.15)","os-pkgs","debian","libc6","2.36-9+deb12u14","CVE-2019-1010024","LOW",,"affected","YES","ACCEPT","Medium, Low, or Unknown severity residual finding retained for transparency; no release-gate escalation under the review policy."
"sha256:b05d7725d17df2da7b94f8b73afc0aa9d6bcc384a227b48a1d031640104c3b0f (debian 12.15)","os-pkgs","debian","libc-bin","2.36-9+deb12u14","CVE-2019-1010025","LOW",,"affected","YES","ACCEPT","Medium, Low, or Unknown severity residual finding retained for transparency; no release-gate escalation under the review policy."
"sha256:b05d7725d17df2da7b94f8b73afc0aa9d6bcc384a227b48a1d031640104c3b0f (debian 12.15)","os-pkgs","debian","libc6","2.36-9+deb12u14","CVE-2019-1010025","LOW",,"affected","YES","ACCEPT","Medium, Low, or Unknown severity residual finding retained for transparency; no release-gate escalation under the review policy."
"sha256:b05d7725d17df2da7b94f8b73afc0aa9d6bcc384a227b48a1d031640104c3b0f (debian 12.15)","os-pkgs","debian","libc-bin","2.36-9+deb12u14","CVE-2019-9192","LOW",,"affected","YES","ACCEPT","Medium, Low, or Unknown severity residual finding retained for transparency; no release-gate escalation under the review policy."
"sha256:b05d7725d17df2da7b94f8b73afc0aa9d6bcc384a227b48a1d031640104c3b0f (debian 12.15)","os-pkgs","debian","libc6","2.36-9+deb12u14","CVE-2019-9192","LOW",,"affected","YES","ACCEPT","Medium, Low, or Unknown severity residual finding retained for transparency; no release-gate escalation under the review policy."
"sha256:b05d7725d17df2da7b94f8b73afc0aa9d6bcc384a227b48a1d031640104c3b0f (debian 12.15)","os-pkgs","debian","libsqlite3-0","3.40.1-2+deb12u2","CVE-2021-45346","LOW",,"affected","YES","ACCEPT","Medium, Low, or Unknown severity residual finding retained for transparency; no release-gate escalation under the review policy."
"sha256:b05d7725d17df2da7b94f8b73afc0aa9d6bcc384a227b48a1d031640104c3b0f (debian 12.15)","os-pkgs","debian","bsdutils","1:2.38.1-5+deb12u3","CVE-2022-0563","LOW",,"affected","YES","ACCEPT","Medium, Low, or Unknown severity residual finding retained for transparency; no release-gate escalation under the review policy."
"sha256:b05d7725d17df2da7b94f8b73afc0aa9d6bcc384a227b48a1d031640104c3b0f (debian 12.15)","os-pkgs","debian","libblkid1","2.38.1-5+deb12u3","CVE-2022-0563","LOW",,"affected","YES","ACCEPT","Medium, Low, or Unknown severity residual finding retained for transparency; no release-gate escalation under the review policy."
"sha256:b05d7725d17df2da7b94f8b73afc0aa9d6bcc384a227b48a1d031640104c3b0f (debian 12.15)","os-pkgs","debian","libmount1","2.38.1-5+deb12u3","CVE-2022-0563","LOW",,"affected","YES","ACCEPT","Medium, Low, or Unknown severity residual finding retained for transparency; no release-gate escalation under the review policy."
"sha256:b05d7725d17df2da7b94f8b73afc0aa9d6bcc384a227b48a1d031640104c3b0f (debian 12.15)","os-pkgs","debian","libsmartcols1","2.38.1-5+deb12u3","CVE-2022-0563","LOW",,"affected","YES","ACCEPT","Medium, Low, or Unknown severity residual finding retained for transparency; no release-gate escalation under the review policy."
"sha256:b05d7725d17df2da7b94f8b73afc0aa9d6bcc384a227b48a1d031640104c3b0f (debian 12.15)","os-pkgs","debian","libuuid1","2.38.1-5+deb12u3","CVE-2022-0563","LOW",,"affected","YES","ACCEPT","Medium, Low, or Unknown severity residual finding retained for transparency; no release-gate escalation under the review policy."
"sha256:b05d7725d17df2da7b94f8b73afc0aa9d6bcc384a227b48a1d031640104c3b0f (debian 12.15)","os-pkgs","debian","mount","2.38.1-5+deb12u3","CVE-2022-0563","LOW",,"affected","YES","ACCEPT","Medium, Low, or Unknown severity residual finding retained for transparency; no release-gate escalation under the review policy."
"sha256:b05d7725d17df2da7b94f8b73afc0aa9d6bcc384a227b48a1d031640104c3b0f (debian 12.15)","os-pkgs","debian","util-linux","2.38.1-5+deb12u3","CVE-2022-0563","LOW",,"affected","YES","ACCEPT","Medium, Low, or Unknown severity residual finding retained for transparency; no release-gate escalation under the review policy."
"sha256:b05d7725d17df2da7b94f8b73afc0aa9d6bcc384a227b48a1d031640104c3b0f (debian 12.15)","os-pkgs","debian","util-linux-extra","2.38.1-5+deb12u3","CVE-2022-0563","LOW",,"affected","YES","ACCEPT","Medium, Low, or Unknown severity residual finding retained for transparency; no release-gate escalation under the review policy."
"sha256:b05d7725d17df2da7b94f8b73afc0aa9d6bcc384a227b48a1d031640104c3b0f (debian 12.15)","os-pkgs","debian","gcc-12-base","12.2.0-14+deb12u1","CVE-2022-27943","LOW",,"affected","YES","ACCEPT","Medium, Low, or Unknown severity residual finding retained for transparency; no release-gate escalation under the review policy."
"sha256:b05d7725d17df2da7b94f8b73afc0aa9d6bcc384a227b48a1d031640104c3b0f (debian 12.15)","os-pkgs","debian","libgcc-s1","12.2.0-14+deb12u1","CVE-2022-27943","LOW",,"affected","YES","ACCEPT","Medium, Low, or Unknown severity residual finding retained for transparency; no release-gate escalation under the review policy."
"sha256:b05d7725d17df2da7b94f8b73afc0aa9d6bcc384a227b48a1d031640104c3b0f (debian 12.15)","os-pkgs","debian","libstdc++6","12.2.0-14+deb12u1","CVE-2022-27943","LOW",,"affected","YES","ACCEPT","Medium, Low, or Unknown severity residual finding retained for transparency; no release-gate escalation under the review policy."
"sha256:b05d7725d17df2da7b94f8b73afc0aa9d6bcc384a227b48a1d031640104c3b0f (debian 12.15)","os-pkgs","debian","gpgv","2.2.40-1.1+deb12u2","CVE-2022-3219","LOW",,"affected","YES","ACCEPT","Medium, Low, or Unknown severity residual finding retained for transparency; no release-gate escalation under the review policy."
"sha256:b05d7725d17df2da7b94f8b73afc0aa9d6bcc384a227b48a1d031640104c3b0f (debian 12.15)","os-pkgs","debian","libsystemd0","252.39-1~deb12u2","CVE-2023-31437","LOW",,"affected","YES","ACCEPT","Medium, Low, or Unknown severity residual finding retained for transparency; no release-gate escalation under the review policy."
"sha256:b05d7725d17df2da7b94f8b73afc0aa9d6bcc384a227b48a1d031640104c3b0f (debian 12.15)","os-pkgs","debian","libudev1","252.39-1~deb12u2","CVE-2023-31437","LOW",,"affected","YES","ACCEPT","Medium, Low, or Unknown severity residual finding retained for transparency; no release-gate escalation under the review policy."
"sha256:b05d7725d17df2da7b94f8b73afc0aa9d6bcc384a227b48a1d031640104c3b0f (debian 12.15)","os-pkgs","debian","libsystemd0","252.39-1~deb12u2","CVE-2023-31438","LOW",,"affected","YES","ACCEPT","Medium, Low, or Unknown severity residual finding retained for transparency; no release-gate escalation under the review policy."
"sha256:b05d7725d17df2da7b94f8b73afc0aa9d6bcc384a227b48a1d031640104c3b0f (debian 12.15)","os-pkgs","debian","libudev1","252.39-1~deb12u2","CVE-2023-31438","LOW",,"affected","YES","ACCEPT","Medium, Low, or Unknown severity residual finding retained for transparency; no release-gate escalation under the review policy."
"sha256:b05d7725d17df2da7b94f8b73afc0aa9d6bcc384a227b48a1d031640104c3b0f (debian 12.15)","os-pkgs","debian","libsystemd0","252.39-1~deb12u2","CVE-2023-31439","LOW",,"affected","YES","ACCEPT","Medium, Low, or Unknown severity residual finding retained for transparency; no release-gate escalation under the review policy."
"sha256:b05d7725d17df2da7b94f8b73afc0aa9d6bcc384a227b48a1d031640104c3b0f (debian 12.15)","os-pkgs","debian","libudev1","252.39-1~deb12u2","CVE-2023-31439","LOW",,"affected","YES","ACCEPT","Medium, Low, or Unknown severity residual finding retained for transparency; no release-gate escalation under the review policy."
"sha256:b05d7725d17df2da7b94f8b73afc0aa9d6bcc384a227b48a1d031640104c3b0f (debian 12.15)","os-pkgs","debian","perl-base","5.36.0-7+deb12u3","CVE-2023-31486","LOW",,"affected","YES","ACCEPT","Medium, Low, or Unknown severity residual finding retained for transparency; no release-gate escalation under the review policy."
"sha256:b05d7725d17df2da7b94f8b73afc0aa9d6bcc384a227b48a1d031640104c3b0f (debian 12.15)","os-pkgs","debian","libgcrypt20","1.10.1-3+deb12u1","CVE-2024-2236","LOW",,"affected","YES","ACCEPT","Medium, Low, or Unknown severity residual finding retained for transparency; no release-gate escalation under the review policy."
"sha256:b05d7725d17df2da7b94f8b73afc0aa9d6bcc384a227b48a1d031640104c3b0f (debian 12.15)","os-pkgs","debian","libgssapi-krb5-2","1.20.1-2+deb12u5","CVE-2024-26458","LOW",,"affected","YES","ACCEPT","Medium, Low, or Unknown severity residual finding retained for transparency; no release-gate escalation under the review policy."
"sha256:b05d7725d17df2da7b94f8b73afc0aa9d6bcc384a227b48a1d031640104c3b0f (debian 12.15)","os-pkgs","debian","libk5crypto3","1.20.1-2+deb12u5","CVE-2024-26458","LOW",,"affected","YES","ACCEPT","Medium, Low, or Unknown severity residual finding retained for transparency; no release-gate escalation under the review policy."
"sha256:b05d7725d17df2da7b94f8b73afc0aa9d6bcc384a227b48a1d031640104c3b0f (debian 12.15)","os-pkgs","debian","libkrb5-3","1.20.1-2+deb12u5","CVE-2024-26458","LOW",,"affected","YES","ACCEPT","Medium, Low, or Unknown severity residual finding retained for transparency; no release-gate escalation under the review policy."
"sha256:b05d7725d17df2da7b94f8b73afc0aa9d6bcc384a227b48a1d031640104c3b0f (debian 12.15)","os-pkgs","debian","libkrb5support0","1.20.1-2+deb12u5","CVE-2024-26458","LOW",,"affected","YES","ACCEPT","Medium, Low, or Unknown severity residual finding retained for transparency; no release-gate escalation under the review policy."
"sha256:b05d7725d17df2da7b94f8b73afc0aa9d6bcc384a227b48a1d031640104c3b0f (debian 12.15)","os-pkgs","debian","libgssapi-krb5-2","1.20.1-2+deb12u5","CVE-2024-26461","LOW",,"affected","YES","ACCEPT","Medium, Low, or Unknown severity residual finding retained for transparency; no release-gate escalation under the review policy."
"sha256:b05d7725d17df2da7b94f8b73afc0aa9d6bcc384a227b48a1d031640104c3b0f (debian 12.15)","os-pkgs","debian","libk5crypto3","1.20.1-2+deb12u5","CVE-2024-26461","LOW",,"affected","YES","ACCEPT","Medium, Low, or Unknown severity residual finding retained for transparency; no release-gate escalation under the review policy."
"sha256:b05d7725d17df2da7b94f8b73afc0aa9d6bcc384a227b48a1d031640104c3b0f (debian 12.15)","os-pkgs","debian","libkrb5-3","1.20.1-2+deb12u5","CVE-2024-26461","LOW",,"affected","YES","ACCEPT","Medium, Low, or Unknown severity residual finding retained for transparency; no release-gate escalation under the review policy."
"sha256:b05d7725d17df2da7b94f8b73afc0aa9d6bcc384a227b48a1d031640104c3b0f (debian 12.15)","os-pkgs","debian","libkrb5support0","1.20.1-2+deb12u5","CVE-2024-26461","LOW",,"affected","YES","ACCEPT","Medium, Low, or Unknown severity residual finding retained for transparency; no release-gate escalation under the review policy."
"sha256:b05d7725d17df2da7b94f8b73afc0aa9d6bcc384a227b48a1d031640104c3b0f (debian 12.15)","os-pkgs","debian","login","1:4.13+dfsg1-1+deb12u2","CVE-2024-56433","LOW",,"affected","YES","ACCEPT","Medium, Low, or Unknown severity residual finding retained for transparency; no release-gate escalation under the review policy."
"sha256:b05d7725d17df2da7b94f8b73afc0aa9d6bcc384a227b48a1d031640104c3b0f (debian 12.15)","os-pkgs","debian","passwd","1:4.13+dfsg1-1+deb12u2","CVE-2024-56433","LOW",,"affected","YES","ACCEPT","Medium, Low, or Unknown severity residual finding retained for transparency; no release-gate escalation under the review policy."
"sha256:b05d7725d17df2da7b94f8b73afc0aa9d6bcc384a227b48a1d031640104c3b0f (debian 12.15)","os-pkgs","debian","libtasn1-6","4.19.0-2+deb12u1","CVE-2025-13151","LOW",,"affected","YES","ACCEPT","Medium, Low, or Unknown severity residual finding retained for transparency; no release-gate escalation under the review policy."
"sha256:b05d7725d17df2da7b94f8b73afc0aa9d6bcc384a227b48a1d031640104c3b0f (debian 12.15)","os-pkgs","debian","bsdutils","1:2.38.1-5+deb12u3","CVE-2025-14104","LOW",,"affected","YES","ACCEPT","Medium, Low, or Unknown severity residual finding retained for transparency; no release-gate escalation under the review policy."
"sha256:b05d7725d17df2da7b94f8b73afc0aa9d6bcc384a227b48a1d031640104c3b0f (debian 12.15)","os-pkgs","debian","libblkid1","2.38.1-5+deb12u3","CVE-2025-14104","LOW",,"affected","YES","ACCEPT","Medium, Low, or Unknown severity residual finding retained for transparency; no release-gate escalation under the review policy."
"sha256:b05d7725d17df2da7b94f8b73afc0aa9d6bcc384a227b48a1d031640104c3b0f (debian 12.15)","os-pkgs","debian","libmount1","2.38.1-5+deb12u3","CVE-2025-14104","LOW",,"affected","YES","ACCEPT","Medium, Low, or Unknown severity residual finding retained for transparency; no release-gate escalation under the review policy."
"sha256:b05d7725d17df2da7b94f8b73afc0aa9d6bcc384a227b48a1d031640104c3b0f (debian 12.15)","os-pkgs","debian","libsmartcols1","2.38.1-5+deb12u3","CVE-2025-14104","LOW",,"affected","YES","ACCEPT","Medium, Low, or Unknown severity residual finding retained for transparency; no release-gate escalation under the review policy."
"sha256:b05d7725d17df2da7b94f8b73afc0aa9d6bcc384a227b48a1d031640104c3b0f (debian 12.15)","os-pkgs","debian","libuuid1","2.38.1-5+deb12u3","CVE-2025-14104","LOW",,"affected","YES","ACCEPT","Medium, Low, or Unknown severity residual finding retained for transparency; no release-gate escalation under the review policy."
"sha256:b05d7725d17df2da7b94f8b73afc0aa9d6bcc384a227b48a1d031640104c3b0f (debian 12.15)","os-pkgs","debian","mount","2.38.1-5+deb12u3","CVE-2025-14104","LOW",,"affected","YES","ACCEPT","Medium, Low, or Unknown severity residual finding retained for transparency; no release-gate escalation under the review policy."
"sha256:b05d7725d17df2da7b94f8b73afc0aa9d6bcc384a227b48a1d031640104c3b0f (debian 12.15)","os-pkgs","debian","util-linux","2.38.1-5+deb12u3","CVE-2025-14104","LOW",,"affected","YES","ACCEPT","Medium, Low, or Unknown severity residual finding retained for transparency; no release-gate escalation under the review policy."
"sha256:b05d7725d17df2da7b94f8b73afc0aa9d6bcc384a227b48a1d031640104c3b0f (debian 12.15)","os-pkgs","debian","util-linux-extra","2.38.1-5+deb12u3","CVE-2025-14104","LOW",,"affected","YES","ACCEPT","Medium, Low, or Unknown severity residual finding retained for transparency; no release-gate escalation under the review policy."
"sha256:b05d7725d17df2da7b94f8b73afc0aa9d6bcc384a227b48a1d031640104c3b0f (debian 12.15)","os-pkgs","debian","libssl3","3.0.20-1~deb12u2","CVE-2025-27587","LOW",,"affected","YES","ACCEPT","Medium, Low, or Unknown severity residual finding retained for transparency; no release-gate escalation under the review policy."
"sha256:b05d7725d17df2da7b94f8b73afc0aa9d6bcc384a227b48a1d031640104c3b0f (debian 12.15)","os-pkgs","debian","openssl","3.0.20-1~deb12u2","CVE-2025-27587","LOW",,"affected","YES","ACCEPT","Medium, Low, or Unknown severity residual finding retained for transparency; no release-gate escalation under the review policy."
"sha256:b05d7725d17df2da7b94f8b73afc0aa9d6bcc384a227b48a1d031640104c3b0f (debian 12.15)","os-pkgs","debian","libsqlite3-0","3.40.1-2+deb12u2","CVE-2025-29088","LOW",,"affected","YES","ACCEPT","Medium, Low, or Unknown severity residual finding retained for transparency; no release-gate escalation under the review policy."
"sha256:b05d7725d17df2da7b94f8b73afc0aa9d6bcc384a227b48a1d031640104c3b0f (debian 12.15)","os-pkgs","debian","coreutils","9.1-1","CVE-2025-5278","LOW",,"affected","YES","ACCEPT","Medium, Low, or Unknown severity residual finding retained for transparency; no release-gate escalation under the review policy."
"sha256:b05d7725d17df2da7b94f8b73afc0aa9d6bcc384a227b48a1d031640104c3b0f (debian 12.15)","os-pkgs","debian","libncursesw6","6.4-4","CVE-2025-6141","LOW",,"affected","YES","ACCEPT","Medium, Low, or Unknown severity residual finding retained for transparency; no release-gate escalation under the review policy."
"sha256:b05d7725d17df2da7b94f8b73afc0aa9d6bcc384a227b48a1d031640104c3b0f (debian 12.15)","os-pkgs","debian","libtinfo6","6.4-4","CVE-2025-6141","LOW",,"affected","YES","ACCEPT","Medium, Low, or Unknown severity residual finding retained for transparency; no release-gate escalation under the review policy."
"sha256:b05d7725d17df2da7b94f8b73afc0aa9d6bcc384a227b48a1d031640104c3b0f (debian 12.15)","os-pkgs","debian","ncurses-base","6.4-4","CVE-2025-6141","LOW",,"affected","YES","ACCEPT","Medium, Low, or Unknown severity residual finding retained for transparency; no release-gate escalation under the review policy."
"sha256:b05d7725d17df2da7b94f8b73afc0aa9d6bcc384a227b48a1d031640104c3b0f (debian 12.15)","os-pkgs","debian","ncurses-bin","6.4-4","CVE-2025-6141","LOW",,"affected","YES","ACCEPT","Medium, Low, or Unknown severity residual finding retained for transparency; no release-gate escalation under the review policy."
"sha256:b05d7725d17df2da7b94f8b73afc0aa9d6bcc384a227b48a1d031640104c3b0f (debian 12.15)","os-pkgs","debian","libsqlite3-0","3.40.1-2+deb12u2","CVE-2025-70873","LOW",,"affected","YES","ACCEPT","Medium, Low, or Unknown severity residual finding retained for transparency; no release-gate escalation under the review policy."
"sha256:b05d7725d17df2da7b94f8b73afc0aa9d6bcc384a227b48a1d031640104c3b0f (debian 12.15)","os-pkgs","debian","libgssapi-krb5-2","1.20.1-2+deb12u5","CVE-2026-11850","LOW",,"affected","YES","ACCEPT","Medium, Low, or Unknown severity residual finding retained for transparency; no release-gate escalation under the review policy."
"sha256:b05d7725d17df2da7b94f8b73afc0aa9d6bcc384a227b48a1d031640104c3b0f (debian 12.15)","os-pkgs","debian","libk5crypto3","1.20.1-2+deb12u5","CVE-2026-11850","LOW",,"affected","YES","ACCEPT","Medium, Low, or Unknown severity residual finding retained for transparency; no release-gate escalation under the review policy."
"sha256:b05d7725d17df2da7b94f8b73afc0aa9d6bcc384a227b48a1d031640104c3b0f (debian 12.15)","os-pkgs","debian","libkrb5-3","1.20.1-2+deb12u5","CVE-2026-11850","LOW",,"affected","YES","ACCEPT","Medium, Low, or Unknown severity residual finding retained for transparency; no release-gate escalation under the review policy."
"sha256:b05d7725d17df2da7b94f8b73afc0aa9d6bcc384a227b48a1d031640104c3b0f (debian 12.15)","os-pkgs","debian","libkrb5support0","1.20.1-2+deb12u5","CVE-2026-11850","LOW",,"affected","YES","ACCEPT","Medium, Low, or Unknown severity residual finding retained for transparency; no release-gate escalation under the review policy."
"Python","lang-pkgs","python-pkg","pip","25.0.1","CVE-2026-1703","LOW","26.0","fixed","YES","ACCEPT","Base-layer pip is present outside the active /opt/venv environment; the service does not invoke it. Medium/Low tooling-path residual risk is retained."
"sha256:b05d7725d17df2da7b94f8b73afc0aa9d6bcc384a227b48a1d031640104c3b0f (debian 12.15)","os-pkgs","debian","libsystemd0","252.39-1~deb12u2","CVE-2026-40228","LOW",,"affected","YES","ACCEPT","Medium, Low, or Unknown severity residual finding retained for transparency; no release-gate escalation under the review policy."
"sha256:b05d7725d17df2da7b94f8b73afc0aa9d6bcc384a227b48a1d031640104c3b0f (debian 12.15)","os-pkgs","debian","libudev1","252.39-1~deb12u2","CVE-2026-40228","LOW",,"affected","YES","ACCEPT","Medium, Low, or Unknown severity residual finding retained for transparency; no release-gate escalation under the review policy."
"sha256:b05d7725d17df2da7b94f8b73afc0aa9d6bcc384a227b48a1d031640104c3b0f (debian 12.15)","os-pkgs","debian","libssl3","3.0.20-1~deb12u2","CVE-2026-42767","LOW",,"affected","YES","ACCEPT","Medium, Low, or Unknown severity residual finding retained for transparency; no release-gate escalation under the review policy."
"sha256:b05d7725d17df2da7b94f8b73afc0aa9d6bcc384a227b48a1d031640104c3b0f (debian 12.15)","os-pkgs","debian","openssl","3.0.20-1~deb12u2","CVE-2026-42767","LOW",,"affected","YES","ACCEPT","Medium, Low, or Unknown severity residual finding retained for transparency; no release-gate escalation under the review policy."
"sha256:b05d7725d17df2da7b94f8b73afc0aa9d6bcc384a227b48a1d031640104c3b0f (debian 12.15)","os-pkgs","debian","diffutils","1:3.8-4","CVE-2026-53910","LOW",,"affected","YES","ACCEPT","Medium, Low, or Unknown severity residual finding retained for transparency; no release-gate escalation under the review policy."
"sha256:b05d7725d17df2da7b94f8b73afc0aa9d6bcc384a227b48a1d031640104c3b0f (debian 12.15)","os-pkgs","debian","coreutils","9.1-1","CVE-2026-56391","LOW",,"affected","YES","ACCEPT","Medium, Low, or Unknown severity residual finding retained for transparency; no release-gate escalation under the review policy."
"sha256:b05d7725d17df2da7b94f8b73afc0aa9d6bcc384a227b48a1d031640104c3b0f (debian 12.15)","os-pkgs","debian","coreutils","9.1-1","CVE-2026-56392","LOW",,"affected","YES","ACCEPT","Medium, Low, or Unknown severity residual finding retained for transparency; no release-gate escalation under the review policy."
"sha256:b05d7725d17df2da7b94f8b73afc0aa9d6bcc384a227b48a1d031640104c3b0f (debian 12.15)","os-pkgs","debian","gpgv","2.2.40-1.1+deb12u2","CVE-2026-57062","LOW",,"fix_deferred","YES","ACCEPT","Medium, Low, or Unknown severity residual finding retained for transparency; no release-gate escalation under the review policy."
"sha256:b05d7725d17df2da7b94f8b73afc0aa9d6bcc384a227b48a1d031640104c3b0f (debian 12.15)","os-pkgs","debian","tar","1.34+dfsg-1.2+deb12u1","TEMP-0290435-0B57B5","LOW",,"affected","YES","ACCEPT","Medium, Low, or Unknown severity residual finding retained for transparency; no release-gate escalation under the review policy."
"sha256:b05d7725d17df2da7b94f8b73afc0aa9d6bcc384a227b48a1d031640104c3b0f (debian 12.15)","os-pkgs","debian","sysvinit-utils","3.06-4","TEMP-0517018-A83CE6","LOW",,"affected","YES","ACCEPT","Medium, Low, or Unknown severity residual finding retained for transparency; no release-gate escalation under the review policy."
"sha256:b05d7725d17df2da7b94f8b73afc0aa9d6bcc384a227b48a1d031640104c3b0f (debian 12.15)","os-pkgs","debian","login","1:4.13+dfsg1-1+deb12u2","TEMP-0628843-DBAD28","LOW",,"affected","YES","ACCEPT","Medium, Low, or Unknown severity residual finding retained for transparency; no release-gate escalation under the review policy."
"sha256:b05d7725d17df2da7b94f8b73afc0aa9d6bcc384a227b48a1d031640104c3b0f (debian 12.15)","os-pkgs","debian","passwd","1:4.13+dfsg1-1+deb12u2","TEMP-0628843-DBAD28","LOW",,"affected","YES","ACCEPT","Medium, Low, or Unknown severity residual finding retained for transparency; no release-gate escalation under the review policy."
"sha256:b05d7725d17df2da7b94f8b73afc0aa9d6bcc384a227b48a1d031640104c3b0f (debian 12.15)","os-pkgs","debian","bash","5.2.15-2+b13","TEMP-0841856-B18BAF","LOW",,"affected","YES","ACCEPT","Medium, Low, or Unknown severity residual finding retained for transparency; no release-gate escalation under the review policy."
"sha256:b05d7725d17df2da7b94f8b73afc0aa9d6bcc384a227b48a1d031640104c3b0f (debian 12.15)","os-pkgs","debian","perl-base","5.36.0-7+deb12u3","CVE-2026-15534","UNKNOWN",,"affected","YES","ACCEPT","Medium, Low, or Unknown severity residual finding retained for transparency; no release-gate escalation under the review policy."
"sha256:b05d7725d17df2da7b94f8b73afc0aa9d6bcc384a227b48a1d031640104c3b0f (debian 12.15)","os-pkgs","debian","perl-base","5.36.0-7+deb12u3","CVE-2026-19487","UNKNOWN",,"affected","YES","ACCEPT","Medium, Low, or Unknown severity residual finding retained for transparency; no release-gate escalation under the review policy."
"sha256:b05d7725d17df2da7b94f8b73afc0aa9d6bcc384a227b48a1d031640104c3b0f (debian 12.15)","os-pkgs","debian","bsdutils","1:2.38.1-5+deb12u3","CVE-2026-53613","UNKNOWN",,"affected","YES","ACCEPT","Medium, Low, or Unknown severity residual finding retained for transparency; no release-gate escalation under the review policy."
"sha256:b05d7725d17df2da7b94f8b73afc0aa9d6bcc384a227b48a1d031640104c3b0f (debian 12.15)","os-pkgs","debian","libblkid1","2.38.1-5+deb12u3","CVE-2026-53613","UNKNOWN",,"affected","YES","ACCEPT","Medium, Low, or Unknown severity residual finding retained for transparency; no release-gate escalation under the review policy."
"sha256:b05d7725d17df2da7b94f8b73afc0aa9d6bcc384a227b48a1d031640104c3b0f (debian 12.15)","os-pkgs","debian","libmount1","2.38.1-5+deb12u3","CVE-2026-53613","UNKNOWN",,"affected","YES","ACCEPT","Medium, Low, or Unknown severity residual finding retained for transparency; no release-gate escalation under the review policy."
"sha256:b05d7725d17df2da7b94f8b73afc0aa9d6bcc384a227b48a1d031640104c3b0f (debian 12.15)","os-pkgs","debian","libsmartcols1","2.38.1-5+deb12u3","CVE-2026-53613","UNKNOWN",,"affected","YES","ACCEPT","Medium, Low, or Unknown severity residual finding retained for transparency; no release-gate escalation under the review policy."
"sha256:b05d7725d17df2da7b94f8b73afc0aa9d6bcc384a227b48a1d031640104c3b0f (debian 12.15)","os-pkgs","debian","libuuid1","2.38.1-5+deb12u3","CVE-2026-53613","UNKNOWN",,"affected","YES","ACCEPT","Medium, Low, or Unknown severity residual finding retained for transparency; no release-gate escalation under the review policy."
"sha256:b05d7725d17df2da7b94f8b73afc0aa9d6bcc384a227b48a1d031640104c3b0f (debian 12.15)","os-pkgs","debian","mount","2.38.1-5+deb12u3","CVE-2026-53613","UNKNOWN",,"affected","YES","ACCEPT","Medium, Low, or Unknown severity residual finding retained for transparency; no release-gate escalation under the review policy."
"sha256:b05d7725d17df2da7b94f8b73afc0aa9d6bcc384a227b48a1d031640104c3b0f (debian 12.15)","os-pkgs","debian","util-linux","2.38.1-5+deb12u3","CVE-2026-53613","UNKNOWN",,"affected","YES","ACCEPT","Medium, Low, or Unknown severity residual finding retained for transparency; no release-gate escalation under the review policy."
"sha256:b05d7725d17df2da7b94f8b73afc0aa9d6bcc384a227b48a1d031640104c3b0f (debian 12.15)","os-pkgs","debian","util-linux-extra","2.38.1-5+deb12u3","CVE-2026-53613","UNKNOWN",,"affected","YES","ACCEPT","Medium, Low, or Unknown severity residual finding retained for transparency; no release-gate escalation under the review policy."
"sha256:b05d7725d17df2da7b94f8b73afc0aa9d6bcc384a227b48a1d031640104c3b0f (debian 12.15)","os-pkgs","debian","perl-base","5.36.0-7+deb12u3","CVE-2026-7017","UNKNOWN",,"affected","YES","ACCEPT","Medium, Low, or Unknown severity residual finding retained for transparency; no release-gate escalation under the review policy."
